piddef_anio,piddef_numero,numero_tramite_sigeva_mindef,proyecto_nombre,director_apellido,director_nombre,co_director_apellido,co_director_nombre,organismo_postulante,organismo_relacionado,instituciones_beneficiarias,institucion_ejecutora,cantidad_anios_duracion,cantidad_becas,tipo_beca,unidad_vinculacion_tecnologica,fecha_apertura,fecha_cierre_etapa_1,fecha_cierre_etapa_2,fecha_cierre_etapa_3,etapa_1_estado,etapa_2_estado,etapa_3_estado
2012,1/2012,,"Simulador de maquinas endotermicas, electricas y su mantenimiento asociado",D Amato,Juan Pablo,Castro,Silvia,,,Escuela de Oficiales de la Armada (ESOA),Instituto Pladema- Universidad Nac. Del Centro de la Provincia de Buenos Aires (UNCPBA)  Departamento de Ciencias e Ingenieria de la Computacion- Universidad Nacional del Sur.,3,1,Capacitacion Profesional,UBATEC,,,,,Cerrado,Cerrado,Cerrado
2012,1/2012,,"Simulador de maquinas endotermicas, electricas y su mantenimiento asociado",D Amato,Juan Pablo,Castro,Silvia,,,Escuela de Oficiales de la Armada (ESOA),Instituto Pladema- Universidad Nac. Del Centro de la Provincia de Buenos Aires (UNCPBA)  Departamento de Ciencias e Ingenieria de la Computacion- Universidad Nacional del Sur.,3,1,Finalizacion de Doctorado,UBATEC,,,,,Cerrado,Cerrado,Cerrado
2012,2/2012,,Desarrollo de un prototipo de sondador ionosferico digital argentino,Cabrera,Miguel Angel,Ezquer,Rodolfo Gerardo,,,ARA,Factultad de Ciencias Exactas y Tecnologia Universidad Nacional de Tucuman - Universidad Tecnologica Nacional Facultad Regional Tucuman - Direccion de Investigacion de la Armada (DGIV),3,1,Capacitacion Profesional,UBATEC,,,,,Cerrado,Cerrado,Cerrado
2012,2/2012,,Desarrollo de un prototipo de sondador ionosferico digital argentino,Cabrera,Miguel Angel,Ezquer,Rodolfo Gerardo,,,ARA,Factultad de Ciencias Exactas y Tecnologia Universidad Nacional de Tucuman - Universidad Tecnologica Nacional Facultad Regional Tucuman - Direccion de Investigacion de la Armada (DGIV),3,1,Inicio de Doctorado,UBATEC,,,,,Cerrado,Cerrado,Cerrado
2012,3/2012,,Sistema informatico de asistencia para la alineacion y calibracion del Sistemas de Armas de Buques,Acosta,Hector Nelson,Leiva,Lucas Elias,,,"Armada Argentina, Arsenal Naval Puerto Belgrano, Departamento Taller de optica y Control Tiro.",IEXILEF S.A.,3,2,Inicio de doctorado,UBATEC,,,,,Cerrado,Cerrado,Cerrado
2012,4/2012,,Desarrollo de un sistema de contra-medidas electronicas,Ressi,Marc Stefan,Jacoby,Daniel,,,ARA DIPY,Grupo de Electronica Digital Aplicada / Instituto Tecnologico de Buenos Aires,2,1,Capacitacion Profesional,UBATEC,,,,,Cerrado,Cerrado,Cerrado
2012,5/2012,,Extractor de Video Radar,Cousseau,Juan Edmundo,Galvez,Nelida Beatriz,,,ARA /Servicio de Analisis Operativos Armas y Guerra electronica (SIAG),Universidad Nacional del Sur/ Instituto de Investigaciones en Ingenieria Electrica                 ING Alfredo Desages,2,1,Capacitacion Profesional,UBATEC,,,,,Cerrado,Cerrado,Cerrado
2012,5/2012,,Extractor de Video Radar,Cousseau,Juan Edmundo,Galvez,Nelida Beatriz,,,ARA /Servicio de Analisis Operativos Armas y Guerra electronica (SIAG),Universidad Nacional del Sur/ Instituto de Investigaciones en Ingenieria Electrica                 ING Alfredo Desages,2,1,Inicio de Doctorado,UBATEC,,,,,Cerrado,Cerrado,Cerrado
2012,6/2012,,Banco emulador radar de apertura sintetica (SAN),Pasciaroni,Jose Luis,,Pablo Sergio,,,Servicio de Analisis Operativos Armas y Guerra Electronica (SIAG),Universidad Nacional del Sur/ Instituto de Investigaciones en Ingenieria Electrica                 ING Alfredo Desages,2,1,Capacitacion Profesional,UBATEC,,,,,Cerrado,Cerrado,Cerrado
2012,6/2012,,Banco emulador radar de apertura sintetica (SAN),Pasciaroni,Jose Luis,,Pablo Sergio,,,Servicio de Analisis Operativos Armas y Guerra Electronica (SIAG),Universidad Nacional del Sur/ Instituto de Investigaciones en Ingenieria Electrica                 ING Alfredo Desages,2,1,Inicio de Doctorado,UBATEC,,,,,Cerrado,Cerrado,Cerrado
2012,7/2012,,Simulador Radar,Cayssials,Ricardo Luis,,Diego Marcelo,,,"Servicio de Analisis Operarivos, Armas y Guerra Electronica de la Armada",Universidad Nacional del Sur/ Instituto de Investigaciones en Ingenieria Electrica                 ING Alfredo Desages,2,1,Capacitacion Profesional,UBATEC,,,,,Cerrado,Cerrado,Cerrado
2012,8/2012,,Desarrollo de un gateway que permita integrar un nuevo sistema de comando y control al sistema SEWACO de los buques tipo Meko,Alimenti,Omar Ruben,,Guillermo Rodolfo,,,"Servicio de Analisis Operarivos, Armas y Guerra Electronica de la Armada",Universidad Tecnologica Nacional - Facultad Regional Bahia Blanca - Departamento Ingenieria Electronica,2,2,Maestrias,UBATEC,,,,,Cerrado,Cerrado,Cerrado
2012,9/2012,,Disenio y Construccion de un Vehiculo Submarino Autonomo (AUV) aplicando Modelos y Tecnicas de Inteligencia Artificial,Martinez,Diego Cesar,,Horacio Mario,,,"Servicio de Analisis Operativo, Armas y Guerra Electronica (SIAG) - ARA",Departamento de Ciencias e Ingenieria de la Computacion - Universidad Nacional del Sur,3,2,Maestrias,UBATEC,,,,,Cerrado,Cerrado,Cerrado
2012,10/2012,,"El primer Ciclo de Planeamiento de la Defensa Nacional (2007-2011): hacia el efectivo ""gobierno politico"" de la Jurisdiccion",Anzelini,Luciano,,,,,Ministerio de Defensa- Secretaria de Estrategia y Asuntos Militares,"Centro de Estudios Estrategicos para Defensa      "" Manuel Belgrano"" - Escuela de Defensa Nacional",2,2,Capacitacion Profesional,UBATEC,,,,,Cerrado,Cerrado,Cerrado
2012,10/2012,,"El primer Ciclo de Planeamiento de la Defensa Nacional (2007-2011): hacia el efectivo ""gobierno politico"" de la Jurisdiccion",Anzelini,Luciano,,,,,Ministerio de Defensa- Secretaria de Estrategia y Asuntos Militares,"Centro de Estudios Estrategicos para Defensa      "" Manuel Belgrano"" - Escuela de Defensa Nacional",2,1,Maestrias,UBATEC,,,,,Cerrado,Cerrado,Cerrado
2012,11/2012,,"Accidentes nucleares, exposicion a radiaciones. Biomonitoreo y radioproteccion.",Castro,Gerardo Daniel,Lavorato,Mario Blas,,,CITEDEF,CITEDEF,3,2,Inicio de Capacitacion Personal,UBATEC,,,,,Cerrado,Cerrado,Cerrado
2012,12/2012,,Sistema matricial de deteccion infrarroja de alta resolucion aplicado al LADAR y a los sistemas de guiado para la defensa,Lacomi,Hector Alberto,,Susana Monica,,,CITEDEF,CITEDEF,3,2,Capacitacion Tecnica,UBATEC,,,,,Cerrado,Cerrado,Cerrado
2012,13/2012,,Proteccion de Personal Militar de la transmision de enfermedades endemicas causada por insectos vectores,Zerba,Eduardo Nicolas,Salvador,Jacobo Omar,,,CITEDEF,CITEDEF-UNIDEF- DEPARTAMENTO DE INVESTIGACIONES DE PLAGAS E INSECTICIDAS,3,1,Capacitacion Profesional,UBATEC,,,,,Cerrado,Cerrado,Cerrado
2012,14/2012,,Caracterizacion de la actividad electrica atmosferica en el territorio argentino,Quel,Eduardo Jaime,,Javier Ignacio,,,CITEDEF,CITEDEF,3,2,Inicio de doctorado,UBATEC,,,,,Cerrado,Cerrado,Cerrado
2012,15/2012,,"Desarrollo de un codificador PCM programable multriproposito, de alta velocidad para el procesamiento de datos Telemetricos.",Lara,Sergio Jesus,Fierro,Victor Eduardo,,,CITEDEF,CITEDEF,2,2,Capacitacion Profesional,UBATEC,,,,,Cerrado,Cerrado,Cerrado
2012,16/2012,,"Desarrollo del metodo de ensayo Small Punch Test (SPT) para la caracterizacion mecanica de materiales con mini-probetas, con caracteristicas de ensayo no destructivo. Con aplicacion directa en analisis de integridad estructural de motores de combustible solido para vectores y distintos componentes de armamentos.",Alvarez Villar,Horacio Nelson,,,,,CITEDEF,CITEDEF,3,1,Capacitacion Profesional,UBATEC,,,,,Cerrado,Cerrado,Cerrado
2012,17/2012,,Desarrollo de un laser de CF4 para serpacion de Isotopos por Laser,Codnia,Jorge,Cernuschi Frias,Bruno,,,CITEDEF,CITEDEF,3,1,Capacitacion Profesional ,UBATEC,,,,,Cerrado,Cerrado,Cerrado
2012,18/2012,,Sistema multiespectral de deteccion y seguimiento de objetos a distancia,Castro,Eduardo Hector,,Adriana Alejandra,,,CITEDEF,CITEDEF/ FACULTAD DE INGENIERIA UBA,3,3,Inicio de Doctorado,UBATEC,,,,,Cerrado,Cerrado,Cerrado
2012,19/2012,,Raciones para cubrir las necesidades nutricionales en operaciones militares y para emergencias masivas,Messina,Valeria Marisa,,Abel,,,"CITEDEF, UNIDEF-MINDEF-CONICET","CINSO-CITEDEF, Unidad ejecutora UNIDEF-MINDEF-CONICET",3,1,Capacitacion Profesional,UBATEC,,,,,Cerrado,Cerrado,Cerrado
2012,19/2012,,Raciones para cubrir las necesidades nutricionales en operaciones militares y para emergencias masivas,Messina,Valeria Marisa,,Abel,,,"CITEDEF, UNIDEF-MINDEF-CONICET","CINSO-CITEDEF, Unidad ejecutora UNIDEF-MINDEF-CONICET",3,1,Maestrias,UBATEC,,,,,Cerrado,Cerrado,Cerrado
2012,20/2012,,"Desarrollo de antenas de bajo perfil aerodinamico para aplicaciones sobre vehiculos aeronauticos, a partir del uso de softare de simulacion, en banda S",Dalmas Di Giovanni,Norberto ,De Biase,Damian,,,CITEDEF,CITEDEF,3,2,Capacitacion Profesional,UBATECINNOVAT,,,,,Cerrado,Cerrado,Cerrado
2012,21/2012,,Sistema de Alineacion de tren de fuego para ignitores,D Alessandro,Hernan,Mitaritonna Sabbatini,Alejandro Daniel,,,CITEDEF,CITEDEF,1,2,Capacitacion Profesional,UBATEC,,,,,Cerrado,Cerrado,Cerrado
2012,22/2012,,Desarrollo de un software utilizando Realidad Aumentada (RA) como soporte cognitivo para la mejora de la conciencia situacional en operaciones militares.,Esteves,Carlos Alberto,,Mauricio Roberto,,,CITEDEF,CITEDEF,3,1,Capacitacion Profesional,UBATEC,,,,,Cerrado,Cerrado,Cerrado
2012,22/2012,,Desarrollo de un software utilizando Realidad Aumentada (RA) como soporte cognitivo para la mejora de la conciencia situacional en operaciones militares.,Esteves,Carlos Alberto,,Mauricio Roberto,,,CITEDEF,CITEDEF,3,1,Inicio de Doctorado,UBATEC,,,,,Cerrado,Cerrado,Cerrado
2012,23/2012,,Analisis de Superficies de Desgaste para la evaluacion de vida util por medio de tecnicas laser de aplicacion en dispositivos para la Defensa.,Zanin,Maximiliano,Rubial,Lucila,,,CITEDEF,CITEDEF,2,2,Capacitacion Profesional,UBATEC,,,,,Cerrado,Cerrado,Cerrado
2012,24/2012,,Reinstalacion y Optimizacion de una Planta Experimental para la fabricacion de Perclorato de Amonio a partir de la electrolisis del Cloruro de Sodio,Guerrero,Graciela Viviana,,,,,CITEDEF, CITEDEF,3,1,Capacitacion Profesional,UBATEC,,,,,Cerrado,Cerrado,Cerrado
2012,25/2012,,Lanzagranadas Cal 40 mm,Cianciulli o Garibaldi,Alberto Tomas,,Mariano Esteban,,,Instituto de Ensenianza Superior del Ejercito (IESE),"Escuela Superior Tecnica del Ejercito ""Grl Div Manuel Nicolas Savio""",2,1,Capacitacion Profesional,UBATEC,,,,,Cerrado,Cerrado,Cerrado
2012,26/2012,,Sistema de Punteria autonomo para artilleria de campania,Serrano,Eduardo Pedro,Cuesta,Juan Hipolito,,,Instituto de Ensenianza Superior del Ejercito (IESE),"Escuela Superior Tecnica del Ejercito ""Grl Div Manuel Nicolas Savio""",2,2,Capacitacion Profesional,UBATEC,,,,,Cerrado,Cerrado,Cerrado
2012,27/2012,,Disenio de Estructuras capaces de resistir los efectos de Explosiones Accidentales,Altenberg,Adolfo Edgardo,Rubial,Lucila,,,Instituto de Ensenianza Superior del Ejercito (IESE),"Escuela Superior Tecnica del Ejercito ""Grl Div Manuel Nicolas Savio""",3,2,Maestrias,UBATEC,,,,,Cerrado,Cerrado,Cerrado
2012,28/2012,,"Aguas con arsenico en unidades del ejercito: estado sanitario y saneamiento, para uso en pequenia escala",Yonni,Fernando,Battaglino,Jorge,,,IESE,"Escuela Superior Tecnica ""Grl M.N Savio""/ CITEDEF/ Facultad de Ciencias Fisicomatematicas e Ingenieria de la Pontificia Universidad Catolica Argentina/ Facultad de Ciencias Medicas de la Pontificia Universida Catolica Argentina",2,3,Capacitacion Profesional,UBATEC,,,,,Cerrado,Cerrado,Cerrado
2012,29/2012,,"Analisis comparado sobre las practicas de seguridad vinculadas a los Recursos Naturales: los casos de Argentina, Brasil y Chile",Bonfili,Christian,Battaleme,Juan Erardo,,,Escuela de Defensa Nacional,Escuela de Defensa Nacional,2,1,Maestria,UBATEC,,,,,Cerrado,Cerrado,Cerrado
2012,29/2012,,"Analisis comparado sobre las practicas de seguridad vinculadas a los Recursos Naturales: los casos de Argentina, Brasil y Chile",Bonfili,Christian,Battaleme,Juan Erardo,,,Escuela de Defensa Nacional,Escuela de Defensa Nacional,2,1,Capacitacion Profesional,UBATEC,,,,,Cerrado,Cerrado,Cerrado
2012,30/2012,,La modernizacion del instrumento militar y las asimetrias de poder en America del Sur,Vigliero,Sebastian,,,,,Escuela Superior de Guerra Conjunta (ESGC),Escuela Superior de Guerra Conjunta (ESGC),2,3,Maestrias,UBATEC,,,,,Cerrado,Cerrado,Cerrado
2012,31/2012,,Estudio de Factibilidad y Construccion de un prototipo automatizado de canion OERLIKON de 20 MM montado con Sistema de Control de Fuego P56,Ballesteros,Gualberta,Principi,Ariel Cristian,,,FAA,CITEDEF,3,2,Capacitacion Profesional,UBATEC,,,,,Cerrado,Cerrado,Cerrado
2012,32/2012,,Disenio y desarrollo de un sistema de avionica para presentar informacion visual de instrumentos de vuelo y asistencia a la navegacion en forma digital,Principi,Mauricio Daniel,Cararo,Ariel Fernando,,,Direccion General de Investigacion y Desarrollo. Fuerza Aerea Argentina.,Centro de Investigacion y Desarrollo de Tecnologias Aeronauticas (CITEeA -FAA) Direccion General de Investigacion y Desarrollo. Fuerza Aerea Argentina./ Grupo de Sistemas de Tiempo Real Facultad de Ingenieria (FI-UNRC) Universidad Nacional de Rio Cuarto.,3,2,Maestria,INNOVA-T,,,,,Cerrado,Cerrado,Cerrado
2012,33/2012,,Aplicacion de tecnologia FPGA para el desarrollo de un Sistema Integrado de Hardware de Avionica,Rodriguez,Gustavo Miguel,Carvajal,Gerardo,,,Direccion General de Investigacion y Desarrollo. Fuerza Aerea Argentina.,Centro de Investigacion y Desarrollo de Tecnologias Aeronauticas (CITEeA -FAA) Direccion General de Investigacion y Desarrollo. Fuerza Aerea Argentina./ Grupo de Sistemas de Tiempo Real Facultad de Ingenieria (FI-UNRC) Universidad Nacional de Rio Cuarto.,3,2,Maestria,INNOVA-T,,,,,Cerrado,Cerrado,Cerrado
2012,34/2012,,Desarrollo de un Modelo de Laboratorio de un Motor Brushless para Sistemas de Control de Vector (TVC),Gonzalez,Gustavo Jaime,D Errico,Mario Antonio,,,Insituto Universitario Aeronautico. Fuerza Aerea Argentina,Insituto Universitario Aeronautico. Fuerza Aerea Argentina,2,1,Capacitacion Profesional,INNOVA-T,,,,,Cerrado,Cerrado,Cerrado
2012,35/2012,,Desarrollo e implementacion de metodos basados en el modelo de Lattice- Boltzmann para aplicaciones en mecanicas de fluidos.,Ortiz,Omar Eduardo,Domingo,Walter Jose,,,Insituto Universitario Aeronautico. Fuerza Aerea Argentina,Insituto Universitario Aeronautico. Fuerza Aerea Argentina,3,1,Inicio de Doctorado,INNOVA-T,,,,,Cerrado,Cerrado,Cerrado
2012,36/2012,,Desarrollo de un dispositivo observador de estado aplicable a vehiculos aeroespaciales de rango reducido.,Jazni,Jorge Elias,Serrano,Jose Luis,,,Insituto Universitario Aeronautico. Fuerza Aerea Argentina,Insituto Universitario Aeronautico. Fuerza Aerea Argentina,3,2,Capacitacion Profesional,INNOVA-T,,,,,Cerrado,Cerrado,Cerrado
2012,37/2012,,Motor Stirling para produccion de energia electrica,Scarpin,Gustavo Humberto,Puig,Lucas,,,Insituto Universitario Aeronautico. Fuerza Aerea Argentina,Insituto Universitario Aeronautico. Fuerza Aerea Argentina,2,3,Maestria,INNOVA-T,,,,,Cerrado,Cerrado,Cerrado
2012,38/2012,,Sistema de guiado terminal,Mathe,Ladislao,Casanovas,Eduardo,,,Insituto Universitario Aeronautico. Fuerza Aerea Argentina,Insituto Universitario Aeronautico. Fuerza Aerea Argentina,3,1,Capacitacion Tecnica,INNOVA-T,,,,,Cerrado,Cerrado,Cerrado
2012,38/2012,,Sistema de guiado terminal,Mathe,Ladislao,Casanovas,Eduardo,,,Insituto Universitario Aeronautico. Fuerza Aerea Argentina,Insituto Universitario Aeronautico. Fuerza Aerea Argentina,3,1,Capacitacion Profesional,INNOVA-T,,,,,Cerrado,Cerrado,Cerrado
2012,38/2012,,Sistema de guiado terminal,Mathe,Ladislao,Casanovas,Eduardo,,,Insituto Universitario Aeronautico. Fuerza Aerea Argentina,Insituto Universitario Aeronautico. Fuerza Aerea Argentina,3,1,Maestrias,INNOVA-T,,,,,Cerrado,Cerrado,Cerrado
2012,39/2012,,Desarrollo de Componentes y Modulos de Software para implementar en Dispositivos Entrenadores y Simuladores de Vuelo.,Giro,Martin Juan,,Carlos Alberto,,,Centro de desarrollo de Entrenadores y Simuladores de Vuelo (CES),Insituto Universitario Aeronautico. Fuerza Aerea Argentina,2,2,Capacitacion Profesional,INNOVA-T,,,,,Cerrado,Cerrado,Cerrado
2012,40/2012,,"Computacion Colaborativa Tolerante a fallas sobre redes inalambricas orientada a UAVs, Primera Etapa: Desarrollo e Intercomunicacion de nodos.",Ferreyra,Pablo Alejandro,,,,,Insituto Universitario Aeronautico. Fuerza Aerea Argentina,Insituto Universitario Aeronautico. Fuerza Aerea Argentina,2,2,Inicio de Doctorado,INNOVA-T,,,,,Cerrado,Cerrado,Cerrado
2012,41/2012,,Aerodinamica de Flujo Compresible,Sacco,Carlos Gustavo,Pedroni,Juan Pablo,,,Insituto Universitario Aeronautico. Fuerza Aerea Argentina,Insituto Universitario Aeronautico. Fuerza Aerea Argentina,3,,Inicio de Doctorado,INNOVA-T,,,,,Cerrado,Cerrado,Cerrado
2012,42/2012,,Desarrollo De Actuador Electromecanico Para Sistemas Tvc Con Toberas Flexibles ,Salomone,javier Eduardo,Maccaglia,Omar,,,Insituto Universitario Aeronautico. Fuerza Aerea Argentina,Insituto Universitario Aeronautico. Fuerza Aerea Argentina,3,2,Capacitacion Profesional,INNOVA-T,,,,,Cerrado,Cerrado,Cerrado
2012,43/2012,,"Obtencion de HTPB y su monomero 1,3 Butadieno",Perez,Jorge Daniel,Cuozzo,Jose Domingo,,,Insituto Universitario Aeronautico. Fuerza Aerea Argentina,Insituto Universitario Aeronautico. Fuerza Aerea Argentina,3,2,Maestrias,INNOVA-T,,,,,Cerrado,Cerrado,Cerrado
2012,44/2012,,Sistemas de Adquisicion de Datos emebidos autonomo (Standalone),Riso,Hector Carlos,,Alfredo Miguel,,,Insituto Universitario Aeronautico. Fuerza Aerea Argentina,Insituto Universitario Aeronautico. Fuerza Aerea Argentina,3,2,Capacitacion Profesional,INNOVA-T,,,,,Cerrado,Cerrado,Cerrado
2012,45/2012,,Desarrollo de un algorimo de cifrado de flujo orientado a arquitecturas de 64 bits.,Penazzi,Daniel Eduardo,Correa Perelmuter,Gabriel,,,Insituto Universitario Aeronautico. Fuerza Aerea Argentina,"Insituto Universitario Aeronautico. Fuerza Aerea Argentina/ Facultad de Matematicas, Astronomia y Fisica - Universidad Nacional de Cordoba.",3,1,Capacitacion Profesional,INNOVA-T,,,,,Cerrado,Cerrado,Cerrado
2012,46/2012,,Sistema Autonomo de Produccion de Energia Electrica para Propulsion a partir de la Generacion de Hidrogeno Eolico,Jeandrevin,Griselda,Bianchi,Alejandro Ariel,,,Insituto Universitario Aeronautico. Fuerza Aerea Argentina,Insituto Universitario Aeronautico. Fuerza Aerea Argentina,3,1,Capacitacion Profesional,UBATEC,,,,,Cerrado,Cerrado,Cerrado
2012,47/2012,,Interacciones BIO-FiSicas que regulan los ECOsistemas de la plataforma Argentina y su talud. Informacion clave para los Intereses Maritimos y la Defensa Nacional.,Romero,Silvia Ines,Piola,Alberto Ricardo,,,Servicio de Hidrografia Naval,Servicio de Hidrografia Naval,2,1,Capacitacion Profesional,UBATEC,,,,,Cerrado,Cerrado,Cerrado
2012,47/2012,,Interacciones BIO-FiSicas que regulan los ECOsistemas de la plataforma Argentina y su talud. Informacion clave para los Intereses Maritimos y la Defensa Nacional.,Romero,Silvia Ines,Piola,Alberto Ricardo,,,Servicio de Hidrografia Naval,Servicio de Hidrografia Naval,2,1,Inicio de Doctorado,UBATEC,,,,,Cerrado,Cerrado,Cerrado
2012,48/2012,,Base de datos oceanograficos del Atlantico Sudoccidental de utilidad para la defensa,Charo,Marcela,Moretton,Juan,,,Servicio de Hidrografia Naval,Servicio de Hidrografia Naval,3,1,Capacitacion Profesional,UBATEC,,,,,Cerrado,Cerrado,Cerrado
2012,49/2012,,"Contaminacion quimica, genotoxicidad y riesgo biologico de las playas de la Franja Costera Sur del Rio de la Plata",Molina,Daniel Atilio,Moretton,Juan,,,Servicio de Hidrografia Naval,Servicio de Hidrografia Naval y Catedra de Higiene y Sanidad,3,1,Capacitacion Tecnica,UBATEC,,,,,Cerrado,Cerrado,Cerrado
2012,49/2012,,"Contaminacion quimica, genotoxicidad y riesgo biologico de las playas de la Franja Costera Sur del Rio de la Plata",Molina,Daniel Atilio,Moretton,Juan,,,Servicio de Hidrografia Naval,Servicio de Hidrografia Naval y Catedra de Higiene y Sanidad,3,1,Capacitacion Profesional,UBATEC,,,,,Cerrado,Cerrado,Cerrado
2014,1/2014,,Laseres solidos para Defensa II,Kovalsky,Marcelo,,,,,CITEDEF,CITEDEF,3,,,UBATEC,,,,,Cerrado,Cerrado,Cerrado
2014,2/2014,,Separacion de isotopos por laser argentina (SILAR),Azcarate,Maria Laura,,,,,CITEDEF,CITEDEF,3,,,UBATEC,,,,,Cerrado,Cerrado,Cerrado
2014,3/2014,,Simuladores de entrenamiento con movimiento para conduccion de vehiculos,Abbate,Horacio,,,,,CITEDEF,CITEDEF,3,,,UBATEC,,,,,Cerrado,Cerrado,Cerrado
2014,4/2014,,Modelo de ejercicio para lanzagranadas calibre 40x46mm,Garibaldi,Javier,,,,,Instituto Universitario del Ejercito,Escuela Superior Tecnica del Ejercito,2,,,UBATEC,,,,,Cerrado,Cerrado,Cerrado
2014,5/2014,,Monitoreo de tormentas con radar meteorologico,Vidal,Luciano,,,,,SMN,SMN y CIMA (CONICET),3,,,INNOTA-T,,,,,Cerrado,Cerrado,Cerrado
2014,6/2014,,En defensa del suenio. Estdio sobre las condiciones de suenio-vigilia del personal vinculado a las Fuerzas Armadas. Analisis de un caso testigo y desarrollo de un sistema de deteccion de fatiga,Golombek,Diego Andres,,,,,EA,Universidad Nacional de Quilmes,3,,,INNOVA-T,,,,,Cerrado,Cerrado,Cerrado
2014,7/2014,,"Sistema de guiado laser tipo ""beam-riding"" con barrido",Lavorato,Mario,,,,,CITEDEF,CITEDEF,3,,,UBATEC,,,,,Cerrado,Cerrado,Cerrado
2014,8/2014,,Condiciones de la meteorologia espacial en Argentina - Causa y consecuencias sobre niveles de radiacion de particulas,Dasso,Sergio,,,,,FAA,UBA-IAFE y Instituto Antartico Argentino,3,,,INNOVA-T,,,,,Cerrado,Cerrado,Cerrado
2014,9/2014,,"Desarrollo de dispositivos fototermicos para deteccion de trazas de gases, liquidos y solidos en base a laseres y fuentes de luz alternativas",Slezak,Veronica,,,,,CITEDEF,CITEDEF,3,,,UBATEC,,,,,Cerrado,Cerrado,Cerrado
2014,10/2014,,Detectores de radiacion,Canepa,Horacio,,,,,CITEDEF,CITEDEF,3,,,UBATEC,,,,,Cerrado,Cerrado,Cerrado
2014,11/2014,,Modelado numerico de corrientes en aguas costeras de las Islas Malvinas (Argentina) en el marco de la iniciativa Pampa Azul,Dragani,Walter,,,,,SHN,SHN,3,,,INNOVA-T,,,,,Cerrado,Cerrado,Cerrado
2014,12/2014,,Dinamica de fluidos de carbono en el Mar Argentino,Palastanga,Virginia,,,,,SHN,"SHN, Instituto Arg. Oceanografia, Inst. Nacional de I+D Pesquero, CIMA, Inst. Inv. Marinas y Costeras",3,,,INNOVA-T,,,,,Cerrado,Cerrado,Cerrado
2014,13/2014,,Parametros SONAR,Blanc,Silvia,,,,,ARA,DIGID-ARA,3,,,UBATEC,,,,,Cerrado,Cerrado,Cerrado
2014,14/2014,,"Modelado operacional de las aguas de la plataforma continental norte argentina, incluyendo al rio de la plata (PREVIM.AR)",Simionato,Claudia,,,,,SMN,CIMA-CONICET-UBA,3,,,INNOVA-T,,,,,Cerrado,Cerrado,Cerrado
2014,15/2014,,Monitoreo y pronostico climatico para la prevencion de desastres hidricos en Argentina (CUM.AR),Vera,Carolina,,,,,SMN,SMN y CIMA (CONICET),3,,,INNOVA-T,,,,,Cerrado,Cerrado,Cerrado
2014,16/2014,,Alineacion de datos y pronosticos por ensambles,Garcia Skabar,Yanina,,,,,SMN,SMN y CIMA (CONICET) y UNNE,3,,,INNOVA-T,,,,,Cerrado,Cerrado,Cerrado
2014,17/2014,,Aplicacion de las neurociencias del comportamiento motor a la optimizacion del entrenamiento militar y civil,Della Maggiore,Valeria,,,,,CITEDEF,IFIBIO HOUSSAY (UBA-CONICET),3,,,INNOVA-T,,,,,Cerrado,Cerrado,Cerrado
2014,18/2014,,Sistema de distribucion de entrelazamiento a grandes distancias para criptografia,Aguero,Monica Beatriz,,,,,CITEDEF,CITEDEF,2,,,UBATEC,,,,,Cerrado,Cerrado,Cerrado
2014,19/2014,,Monitoreo remoto de variables medioambientales para el estudio de glaciares y apoyo a las operaciones aereas en Base Marambio,Marinsek,Sebastian,,,,,FAA,UTN e Instituto Antartico Argentino,3,,,INNOVA-T,,,,,Cerrado,Cerrado,Cerrado
2014,20/2014,,Optimizacion de la produccion de hidrogeno biologico mediante fermentacion oscura en un biorreactor de 5 litros,Franco,Juan Isidro,,,,,ARA - CITEDEF,ARA - CITEDEF,3,,,UBATEC,,,,,Cerrado,Cerrado,Cerrado
2014,21/2014,,Desarrollo de un planificador de mision unico para los diferentes sistemas de armas de FAA,Principi,Ariel,,,,,FAA,DIGID-FAA y CITeA,3,,,INNOVA-T,,,,,Cerrado,Cerrado,Cerrado
2014,22/2014,,Desarrollo de un sistema de carga de programas operativos para las computadoras SMR-MU del sistema SEWACO / EASY / SIMBAD de unidades navales de superficie Tipo MEKO 360 y 140 y submarinas tipo TR 1700,Banchieri,Miguel Angel,,,,,ARA,UTN Bahia Blanca,3,,,INNOVA-T,,,,,Cerrado,Cerrado,Cerrado
2014,23/2014,,Patrones de frecuencias opticas y espectroscopia de ultra alta resolucion basados en laseres de diodos,Codnia,Jorge,,,,,CITEDEF,CITEDEF,3,,,UBATEC,,,,,Cerrado,Cerrado,Cerrado
2014,24/2014,,Sistema de seguimiento automatico combinado radar y vision para vehiculos aeroespaciales (RADTV - TRACK),Murgio,Luis,,,,,FAA,CIA y UNCordoba,3,,,INNOVA-T,,,,,Cerrado,Cerrado,Cerrado
2014,25/2014,,Estudio y desarrollo de blindajes multicapas de bajo peso y alta resistencia mecanica en base a ceramicas,Vilar,Pablo,,,,,IUE,Escuela Superior Tecnica del Ejercito,2,,,UBATEC,,,,,Cerrado,Cerrado,Cerrado
2014,26/2014,,Variabilidad natural e impactos antropicos en el sistema climatico del sur del Cono Sur y Antartida,Barreira,Sandra,,,,,SHN y UTN Bs As,SHN y UTN Bs As,3,,,INNOVA-T,,,,,Cerrado,Cerrado,Cerrado
2014,27/2014,,Plataforma de desarrollos 3D distribuidos,Galan,Maria Victoria,,,,,EA,CITEDEF,3,,,UBATEC,,,,,Cerrado,Cerrado,Cerrado
2014,28/2014,,Desarrollo de iniciadores en serie,D Alessandro,Hernan,,,,,CITEDEF,CITEDEF,3,,,UBATEC,,,,,Cerrado,Cerrado,Cerrado
2014,29/2014,,"Modelado empirico de la marea astronomica entre los paralelos 43°10'S y 52°00'S de la plataforma continental patagonica, utilizando mediciones de marea, datos satelitales y resultados de modelacion numerica",Donofrio,Enrique,,,,,SHN,SHN,3,,,INNOVA-T,,,,,Cerrado,Cerrado,Cerrado
2014,30/2014,,Prototipos avanzados de motor stirling para produccion de energia electrica,Gonzalez Garcia,Esteban,,,,,FAA,IUA,2,,,INNOVA-T,,,,,Cerrado,Cerrado,Cerrado
2014,31/2014,,Aleaciones de aluminio para el PAMPA,Audebert,Fernando,,,,,CONICET,INTECIN (UBA),3,,,INNOVA-T,,,,,Cerrado,Cerrado,Cerrado
2014,32/2014,,Estacion autonoma maritima para el monitoreo de ruido ambiente y parametros acusticos del oceano,Prario,Igor,,,,,ARA,ARA,3,,,UBATEC,,,,,Cerrado,Cerrado,Cerrado
2014,33/2014,,Gripper para servicios de rescate y manipulacion de explosivos,Rey,Patricio,,,,,Instituto Universitario del Ejercito,Escuela Superior Tecnica del Ejercito,2,,,UBATEC,,,,,Cerrado,Cerrado,Cerrado
2014,34/2014,,Desarrollo y recuperacion de base movil de lanzamiento de cohetes,Garcia Abad,Juan Jose,,,,,FAA,CIA,2,,,INNOVA-T,,,,,Cerrado,Cerrado,Cerrado
2014,35/2014,,Pilas a celdas de combustible a hidrogeno-oxigeno de 250 W o superiores con tecnologia PEM y sus aplicaciones geograficas inhospitas,Fasoli,Hector,,,,,CITEDEF - Instituto Universitario del Ejercito,Escuela Superior Tecnica del Ejercito - CITEDEF,3,,,UBATEC,,,,,Cerrado,Cerrado,Cerrado
2014,36/2014,,Sistema de gestion de redes de componentes georeferenciales basadas en el estandar Common Information Model,Risso,Mariano,,,,,ARA - SIAG,PLADEMA (UNCentro),2,,,INNOVA-T,,,,,Cerrado,Cerrado,Cerrado
2014,37/2014,,Carta magnetica para la Republica Argentina,Gianibelli,Julio Cesar,,,,,SMN,SMN,3,,,INNOVA-T,,,,,Cerrado,Cerrado,Cerrado
2014,38/2014,,Paracaidas Comandado Autonomo para Entrega de Cargas,Liberato,Andres Horacio,,,,,FAA,IUA,2,,,INNOVA-T,,,,,Cerrado,Cerrado,Cerrado
2014,39/2014,,Sistema de liberacion accionado pirotecnicamente,Garcia,Jorge,,,,,CITEDEF,CITEDEF,2,,,UBATEC,,,,,Cerrado,Cerrado,Cerrado
2014,40/2014,,Iniciador pirotecnico controlado electronicamente para aplicacion en detonadores,De Biase,Damian,,,,,CITEDEF,CITEDEF,3,,,UBATEC,,,,,Cerrado,Cerrado,Cerrado
2014,41/2014,,Inundaciones en cuencas urbanas,Re,Mariano,,,,,SMN,Instituto Nacional del Agua,2,,,INNOVAT,,,,,Cerrado,Cerrado,Cerrado
2014,42/2014,,"Soluciones geomaticas para aplicaciones de monitoreo, pronostico y emergencias del tiempo, clima y glaciologia en espacios geograficos de incumbencia del SHN",Salgado,Hector Armando,,,,,SHN,SHN,3,,,INNOVA-T,,,,,Cerrado,Cerrado,Cerrado
2016,01/2016,,Modulo control de ejercicio para simuladores de entrenamiento distribuidos ,Dottori,Javier,,,Universidad Nacional del Centro de la Provincia de Buenos Aires - Laboratorio de Plasmas Densos Magnetizados (PLADEMA),,,,2,2,CapacitacionTecnica,INNOVA-T,2017-08-22,2018-08-21,2019-08-21,2020-08-21,Cerrado,En vigencia,En vigencia
2016,04/2016,,Analisis y construccion de un prototipo de HMD,Dominguez,Alfredo Eduardo,,,Fuerza Aerea Argentina - Instituto Universitario Aeronautico,,,,2,2,Capacitacion Tecnica y Maestria,INNOVA-T,2017-08-22,2018-08-21,2019-08-21,2020-08-21,Cerrado,En vigencia,En vigencia
2016,12/2016,,Aprendizaje automatico aplicado a la deteccion y clasificacion de situaciones de interes en imagenes satelitales,Lo Vercio,Lucas Daniel,,,Universidad Nacional del Centro de la Provincia de Buenos Aires - Facultad de Ciencias Exactas,,,,2,2,Capacitacion Profesional Y  Maestra,INNOVA-T,2017-08-22,2018-08-21,2019-08-21,2020-08-21,Cerrado,En vigencia,En vigencia
2016,13/2016,,Desarrollo y fabricacion de micro turbomaquinas termicas de 500 N de empuje,Serrano,Jose Luis,,,Centro Regional Universitario Cordoba UNDEF,,,,3,2,Capacitacion Profesional,INNOVA-T,2017-08-22,2018-08-21,2019-08-21,2020-08-21,Cerrado,En vigencia,En vigencia
2016,17/2016,,Prototipo de sistema de seguridad integrado en redes definidas por software,Banchio,Enrique Gustavo,,,Fuerza Aerea Argentina - Instituto Universitario Aeronautico,,,,2,2,Capacitacio Tecnica y Capacitacio Profesional,INNOVA-T,2017-08-22,2018-08-21,2019-08-21,2020-08-21,Cerrado,En vigencia,En vigencia
2016,19/2016,,"Estacion estratosferica para comunicaciones seguras, vigilancia y reconocimiento",Calcagni,Enrique Nicolas,,,Fuerza Aerea Argentina - Direccion General de Investigacion y Desarrollo,,,,3,2,Capacitacio Tecnica y Capacitacion Profesional,INNOVA-T,2017-08-22,2018-08-21,2019-08-21,2020-08-21,Cerrado,En vigencia,En vigencia
2016,20/2016,,Demostrador tecnologico de sistema de radar pasivo biestatico utilizando emisores de oportunidad,Cuozzo,Jose Domingo,,,Fuerza Aerea Argentina - Instituto Universitario Aeronautico,,,,2,2,Capacitacion Profesional y  Maestria,INNOVA-T,2017-08-22,2018-08-21,2019-08-21,2020-08-21,Cerrado,En vigencia,En vigencia
2016,26/2016,,Sistema autonomo de exploracion para apoyo a la comunidad,Kohler,Alejandro Adolfo,,,Ejercito Argentino - Direccion General de Investigacion y Desarrollo - Centro de Investigacion y Desarrollo de Sistemas Operacionales,,,,3,2,Capacitacion Tecnica y  Capacitacion Profesional,INNOVA-T,2017-08-22,2018-08-21,2019-08-21,2020-08-21,Cerrado,En vigencia,En vigencia
2016,27/2016,,Sistema de planificacion logistica multimodal para manejo de emergencias,Gasparotti,Walter Danilo,,,Fuerza Aerea Argentina - Direccion General de Investigacion y Desarrollo,,,,2,1,Capacitacion Profesional,INNOVA-T,2017-08-22,2018-08-21,2019-08-21,2020-08-21,Cerrado,En vigencia,En vigencia
2016,30/2016,,Desarrollo de vehiculos submarinos multiproposito no tripulados,Irigoyen,Alejo,,,Centro Nacional Patagonico (CENPAT - CONICET),,,,2,,,INNOVA-T,2017-08-22,2018-08-21,2019-08-21,2020-08-21,Cerrado,En vigencia,En vigencia
2016,31/2016,,Materiales compuestos avanzados para carcazas de motores cohete de combustible solido,Bernal,Celina Raquel,,,Instituto de Tecnologia en Polimeros y Nanotecnologia (CONICET),,,,3,,,INNOVA-T,2017-08-22,2018-08-21,2019-08-21,2020-08-21,Cerrado,En vigencia,En vigencia
2016,33/2016,,Plataforma de desarrollo y ensayo de enlaces de comunicacion aire-tierra basada en el paradigma de radio definida por software (SDR),Corral Briones,Graciela,,,Universidad Nacional de Cordoba UNC,,,,1,,,INNOVA-T,2017-08-22,2018-08-21,2019-08-21,2020-08-21,Cerrado,En vigencia,En vigencia
2016,34/2016,,"Desarrollo de tecnologia de sistemas de recepcion y transmision SDR (Software Designed Radio) para su aplicacion a sistemas de telemetria, control y datos",Marquez,Jorge Luis,,,Universidad Nacional de Mar del Plata - Facultad de Ingenieria,,,,3,2,,INNOVA-T,2017-08-22,2018-08-21,2019-08-21,2020-08-21,Cerrado,En vigencia,En vigencia
2016,35/2016,,"Desarrollo de un sistema robotico prototipo para la manipulacion a distancia de explosivos, sustancias y dispositivos peligrosos",Slawiniski,Emanuel,,,Universidad Nacional de San Juan - Instituto de Automatica,,,,3,,Capacitacion Tecnica y   Capacitacion Profesional,INNOVA-T,2017-08-22,2018-08-21,2019-08-21,2020-08-21,Cerrado,En vigencia,En vigencia
2016,37/2016,,Disenio de modulo transponder ADS-B aplicado a aeronaves civiles y militares a ser implementado en un sistema de radar virtual,Escobar,Francisco Martin,,,Fuerza Aerea Argentina - Direccion General de Investigacion y Desarrollo,,,,3,,,INNOVA-T,2017-08-22,2018-08-21,2019-08-21,2020-08-21,Cerrado,En vigencia,En vigencia
2016,38/2016,,Plataforma de firmware y hardware de tiempo real para implementacion de sistema de control autopiloto,Busnardo,Marcela Beatriz,,,Fuerza Aerea Argentina - Instituto Universitario Aeronautico,,,,2,,,INNOVA-T,2017-08-22,2018-08-21,2019-08-21,2020-08-21,Cerrado,En vigencia,En vigencia
2016,39/2016,,"Vestimenta inteligente para monitoreo, busqueda y rescate",Escobar,Eduardo Ernesto,,,Universidad Nacional de La Rioja,,,,2,1,Capacitacion Tecnica,INNOVA-T,2017-08-22,2018-08-21,2019-08-21,2020-08-21,Cerrado,En vigencia,En vigencia
2016,40/2016,,"Disenio y desarrollo del spo-ring, un sensor de armas biologicas, como alerta temprana y prevencion de bioterrorismo",Ex Cybulski,Larisa Estefania,,,Universidad Nacional de Rosario,,,,2,1,Capacitacion Tecnica ,INNOVA-T,2017-08-22,2018-08-21,2019-08-21,2020-08-21,Cerrado,En vigencia,En vigencia
2016,40/2016,,"Disenio y desarrollo del spo-ring, un sensor de armas biologicas, como alerta temprana y prevencion de bioterrorismo",Grau,Roberto Ricardo,,,Universidad Nacional de Rosario,,,,3,2,Inicio Doctoral,INNOVA-T,2017-08-22,2018-08-21,2019-08-21,2020-08-21,Cerrado,En vigencia,En vigencia
2016,42/2016,,Monitoreo de Operaciones en Misiones de Paz con drones,Juarez,GustavoEduardo,,,Universidad Nacional de Tucuman - Facultad de Ciencias Exactas,,,,2,2,Capacitacion  Profesional e  Inicio Doctoral,INNOVA-T,2017-08-22,2018-08-21,2019-08-21,2020-08-21,Cerrado,En vigencia,En vigencia
2016,02/2016,,Distribucion cuantica de claves criptograficas con aplicacion en enlaces en aire y en fibra optica,Larotonda,Miguel,,,,Ministerio de Defensa - Instituto de Investigaciones Cientificas y Tecnicas para la Defensa (CITEDEF),,,3,,Inicio Doctorado,UBATEC,2017-08-22,2018-08-21,2019-08-21,2020-08-21,Cerrado,En vigencia,En vigencia
2016,03/2016,,Desarrollo de radioprotectores para la exposicion a radiaciones ionizantes,Castro,Gerardo Daniel,,,,Ministerio de Defensa - Instituto de Investigaciones Cientificas y Tecnicas para la Defensa (CITEDEF),,,3,1,,UBATEC,2017-08-22,2018-08-21,2019-08-21,2020-08-21,Cerrado,En vigencia,En vigencia
2016,05/2016,,Analisis de modelos para la proteccion del personal a radiacion electromagnetica mediante software de simulacion y mediciones sobre modelos de estudio,Aguirre,Anibal,,,,Ministerio de Defensa - Instituto de Investigaciones Cientificas y Tecnicas para la Defensa (CITEDEF),,,2,1,Capacitacion Profesional,UBATEC,2017-08-22,2018-08-21,2019-08-21,2020-08-21,Cerrado,En vigencia,En vigencia
2016,06/2016,,"Modelo empirico de marea de alta resolucion para Islas Malvinas y Namuncura/Banco Burdwood, a partir de observaciones de marea, de informacion satelital y de resultados de modelacion numerica",Fiore,Monica Maria,,,,Ministerio de Defensa - Servicio de Hidrografia Naval,,,3,1,Capacitacion Profesional,UBATEC,2017-08-22,2018-08-21,2019-08-21,2020-08-21,Cerrado,En vigencia,En vigencia
2016,08/2016,,Desarrollo de productos repelentes nanovehiculizados de insectos y dispositivos de proteccion personal de elevada duracion contra insectos vectores de enfermedades humanas,Masuh,Hector Mario,,,,Ministerio de Defensa - Instituto de Investigaciones Cientificas y Tecnicas para la Defensa (CITEDEF),,,3,,,UBATEC,2017-08-22,2018-08-21,2019-08-21,2020-08-21,Cerrado,En vigencia,En vigencia
2016,09/2016,,"Estudio de la interaccion entre formulaciones de inhibicion y de propulsante compuesto: estudio de adhesion, propiedades mecanicas, de fluencia y factibilidad de aplicacion",Quagliano Amado,Javier Carlos,,,,Ministerio de Defensa - Instituto de Investigaciones Cientificas y Tecnicas para la Defensa (CITEDEF),,,2,2,Capacitacion Profesional e Inicio Doctoral,UBATEC,2017-08-22,2018-08-21,2019-08-21,2020-08-21,Cerrado,En vigencia,En vigencia
2016,15/2016,,Desarrollo de nanomateriales hibridos a base de biopolimeros y sales inorganicas como matrices 3D de andamiaje para la reconstruccion y/o regeneracion de tejido oseo daniado,Graf Caride,Diego Sebastian,,,,Estado Mayor Conjunto de las Fuerzas Armadas - Sanidad Militar Conjunta - Laboratorio Farmaceutico Conjunto,,,3,1,Inicio Doctorado,UBATEC,2017-08-22,2018-08-21,2019-08-21,2020-08-21,Cerrado,En vigencia,En vigencia
2016,21/2016,,Propulsion por ablacion laser de combustibles solidos basados en nanomateriales para micro y nano satelites,Azcarate,Maria Laura,,,,Ministerio de Defensa - Instituto de Investigaciones Cientificas y Tecnicas para la Defensa (CITEDEF),,,1,,,UBATEC,2017-08-22,2018-08-21,2019-08-21,2020-08-21,Cerrado,En vigencia,En vigencia
2016,22/2016,,Nanoplataforma satelital. Sensores abordable,Arrieta,Cristian Lucio,,,,Ministerio de Defensa - Instituto de Investigaciones Cientificas y Tecnicas para la Defensa (CITEDEF),,,2,2,Capacitacion Profesional,UBATEC,2017-08-22,2018-08-21,2019-08-21,2020-08-21,Cerrado,En vigencia,En vigencia
2016,23/2016,,Nanoplataforma satelital. Navegacion y control de actitud,Comas,Edgardo Antonio,,,,Ministerio de Defensa - Instituto de Investigaciones Cientificas y Tecnicas para la Defensa (CITEDEF),,,2,1,Capacitacion Profesional,UBATEC,2017-08-22,2018-08-21,2019-08-21,2020-08-21,Cerrado,En vigencia,En vigencia
2016,24/2016,,Nanoplataforma satelital compatible con un inyector satelital de desarrollo local. Instrumentacion de a bordo y monitoreo,Pastafiglia,Daniel Alejandro,,,,Ministerio de Defensa - Instituto de Investigaciones Cientificas y Tecnicas para la Defensa (CITEDEF),,,2,2,Capacitacion Profesional,UBATEC,2017-08-22,2018-08-21,2019-08-21,2020-08-21,Cerrado,En vigencia,En vigencia
2016,28/2016,,Convertidor DR-AC militarizado compacto para el empleo en rango termico de operaciones antarticas o de alta montania,Bronzini,Carlos Alberto,,,,Ejercito Argentino - Facultad del Ejercito - Escuela Superior Tecnica,,,3,2,Capacitacion Profesional,UBATEC,2017-08-22,2018-08-21,2019-08-21,2020-08-21,Cerrado,En vigencia,En vigencia
2016,29/2016,,Guiado por linea de mira y control para vectores autopropulsados,Alvarez,Eduardo Nestor,,,,Ministerio de Defensa - Instituto de Investigaciones Cientificas y Tecnicas para la Defensa (CITEDEF),,,2,3,Capacitacion Profesional,UBATEC,2017-08-22,2018-08-21,2019-08-21,2020-08-21,Cerrado,En vigencia,En vigencia
2016,32/2016,,Materiales compuestos resistentes de baja densidad para resistencia estructural y altas temperaturas,Escobar,German,,,,Instituto Nacional de Tecnologia Industrial (INTI),,,2,2,Capacitacion Profesional e  Inicio Doctoral,UBATEC,2017-08-22,2018-08-21,2019-08-21,2020-08-21,Cerrado,En vigencia,En vigencia
2016,36/2016,,Baterias avanzadas de litio aire argentinas,Calvo,Ernesto Julio,,,,CONICET,,,3,1,Inicio Doctorado,UBATEC,2017-08-22,2018-08-21,2019-08-21,2020-08-21,Cerrado,En vigencia,En vigencia
2016,41/2016,,Desarrollo de celdas solares utilizando metal organic framework,Otal,Eugenio Hernan,,,,Ministerio de Defensa - Instituto de Investigaciones Cientificas y Tecnicas para la Defensa (CITEDEF),,,3,,,UBATEC,2017-08-22,2018-08-21,2019-08-21,2020-08-21,Cerrado,En vigencia,En vigencia
2017,01/2017,,"Incorporacion y fortalecimiento de capacidades y reduccion de stress del personal desplegado en misiones de paz, asistencia humanitaria y otras actividades de riesgo. Contribuciones innovadoras a la gestion de personal desde la perspectiva de genero.",Masson,Laura Elizabeth,,,,UNIVERSIDAD NACIONAL DE SAN MARTIN (UNSAM),,,3,,,UBATEC,2018-04-17,2019-04-16,2020-04-16,2021-04-16,En vigencia,En vigencia,En vigencia
2017,02/2017,,Captura y analisis de seniales sobre computadoras tipo AIR GAP,Dalmas Di Giovanni,Norberto Orlando,,,,INSTITUTO DE INVESTIGACIONES CIENTIFICAS Y TECNICAS PARA LA DEFENSA (CITEDEF) ; MINISTERIO DE DEFENSA,,,2,,Capacitacion Profesional,UBATEC,2018-04-17,2019-04-16,2020-04-16,2021-04-16,En vigencia,En vigencia,En vigencia
2017,03/2017,,Estudiar la incidencia de arritmia cardiaca por efecto +gz  en instructores y alumnos  del curso basico conjunto de aviadores militares  de la escuela de aviacion militar.,Chamizo,Gustavo Javier,,,,INSTITUTO NACIONAL DE MEDICINA AERONAUTICA Y ESPACIAL (INMAE),,,1,,,UBATEC,2018-04-17,2019-04-16,2020-04-16,2021-04-16,En vigencia,En vigencia,En vigencia
2017,04/2017,,Desarrollo aerocomercial en Argentina: integracion de nuevas tecnologias en meteorologia aeronautica,De,Elia Ramon,,,,SERVICIO METEREOLOGICO NACIONAL (SEDE DORREGO) (SMN (SEDE DORREGO)) ; SERVICIO METEOROLOGICO NACIONAL ; SECRETARIA DE PLANEAMIENTO ; MINISTERIO DE DEFENSA,,,2,,,UBATEC,2018-04-17,2019-04-16,2020-04-16,2021-04-16,En vigencia,En vigencia,En vigencia
2017,05/2017,,Desarrollo y Calificacion de Modulo de Propulsion Magnetoplasmadinamico para Micro/Nano-Satelites,Brito,Hector Hugo,,,,MINISTERIO DE DEFENSA / FUERZA AEREA ARGENTINA / DIRECCION GRAL. DE INVESTIGACION Y DESARROLLO DE LA FAA / CENTRO DE INVESTIGACIONES APLICADAS,,,3,,Capacitacion Profesional y  Maestria,UBATEC,2018-04-17,2019-04-16,2020-04-16,2021-04-16,En vigencia,En vigencia,En vigencia
2017,06/2017,,Sistema sensor laser multiproposito con aplicaciones para la defensa,Lacomi,Hector Alberto,,,,INSTITUTO ARGENTINO DE OCEANOGRAFIA (IADO) ; (CONICET - UNS),,,3,,Capacitacion Profesional,UBATEC,2018-04-17,2019-04-16,2020-04-16,2021-04-16,En vigencia,En vigencia,En vigencia
2017,07/2017,,Prototipo de un directorio de tiro para blancos Aereos de baja y muy baja cobertura.,Turel,Alejandro Mario,,,,INSTITUTO DE INVESTIGACIONES CIENTIFICAS Y TECNICAS PARA LA DEFENSA (CITEDEF) ; MINISTERIO DE DEFENSA,,,3,,Capacitacion Profesional,UBATEC,2018-04-17,2019-04-16,2020-04-16,2021-04-16,En vigencia,En vigencia,En vigencia
2017,08/2017,,"Dispositivo Electronico para la Deteccion Submarina, desarrollado a partir de tecnicas electronicas y construccion aditivas con materiales modificados con nanotecnologia (Industria 4.0).",Ortiz,Juan Jose,,,,"MINISTERIO DE CIENCIA, TECNOLOGIA E INNOVACion Productiva.  Fundacion Argentina de Nanotecnologia",,,1,,,UBATEC,2018-04-17,2019-04-16,2020-04-16,2021-04-16,En vigencia,En vigencia,En vigencia
2017,09/2017,,Desarrollo de Proceso de Cristalizacion de Perclorato de Amonio para uso en Propulsantes y Explosivos.,Semprini,Diego Gustavo,,,,INSTITUTO DE INVESTIGACIONES CIENTIFICAS Y TECNICAS PARA LA DEFENSA (CITEDEF) ; MINISTERIO DE DEFENSA,,,2,,Capacitacion Profesional,UBATEC,2018-04-17,2019-04-16,2020-04-16,2021-04-16,En vigencia,En vigencia,En vigencia
2017,10/2017,,Arma de Lanzamiento a Distancia de Mediano Alcance,Scarpin,Gustavo Humberto,,,,INSTITUTO UNIVERSITARIO AERONAUTICO DE LA FAA (IUA - FAA) ; MINISTERIO DE DEFENSA,,,2,,,UBATEC,2018-04-17,2019-04-16,2020-04-16,2021-04-16,En vigencia,En vigencia,En vigencia
2017,11/2017,,Desarrollo de estructuras soldadas en materiales ultra-resistentes para motores de vectores de uso dual,Svoboda,Hernan Gabriel,,,,"INSTITUTO DE TECNOLOGIAS Y CIENCIAS DE LA ING.""HILARIO FERNANDEZ LONG"" (INTECIN) ; (CONICET - UBA)",,,3,,Inicio Doctorado,UBATEC,2018-04-17,2019-04-16,2020-04-16,2021-04-16,En vigencia,En vigencia,En vigencia
2017,12/2017,,PROTERM - Desarrollo y evaluacion de sistemas de proteccion termica basados en nanocompuestos en motores sostenedores a propulsion solida.,Rodriguez,Exequiel Santos,,,,INSTITUTO DE INVESTIGACIONES EN CIENCIA Y TECNOLOGIA DE MATERIALES (INTEMA) ; (CONICET - UNMDP),,,3,,,UBATEC,2018-04-17,2019-04-16,2020-04-16,2021-04-16,En vigencia,En vigencia,En vigencia
2018,01/2018,22320180100110MD,"DESARROLLO DE UNA INFRAESTRUCTURA DE DATOS ESPACIALES (IDE) PARA LA GESTIoN DE GEOINFORMACIoN EN APOYO DE OERACIONES AeREAS Y TOMA DE DECISIONES EN COLABORACIoN, MEDIANTE EL USO DE SOFTWARE LIBRE.",Migliorini,Roberto Manuel,,,,,CENTRO DE CENSORES REMOTOS (CSR) ; DIRECCION GRAL. DE INVESTIGACION Y DESARROLLO DE LAFAA ; FUERZA AEREA ARGENTINA ; MINISTERIO DE DEFENSA,,,,,UBATEC,2019-02-15,2020-02-14,2021-02-14,2022-02-14,En vigencia,En vigencia,En vigencia
2018,02/2018,22320180100066MD,Hidroacustica pasiva para sistemas de deteccion de fuentes sonoras impulsivas y continuas.,Prario,Igor,,,,,DIRECCION DE INVESTIGACION DE LA ARMADA (DIIV) ; DIRECCION GRAL. DE INVESTIGACION YDESARROLLO DE LA ARA ; ARMADA ARGENTINA ; MINISTERIO DE DEFENSA,,,,,UBATEC,2019-02-15,2020-02-14,2021-02-14,2022-02-14,En vigencia,En vigencia,En vigencia
2018,03/2018,22320180100097MD,Simulador para entrenamiento en el combate de fuego forestal,Luiso,Javier,,,,,INSTITUTO DE INVESTIGACIONES CIENTIFICAS Y TECNICAS PARA LA DEFENSA (CITEDEF) ; MINISTERIO DEDEFENSA,,,1,Maestria,UBATEC,2019-02-15,2020-02-14,2021-02-14,2022-02-14,En vigencia,En vigencia,En vigencia
2018,05/2018,22320180100080MD,Tecnica para la alerta sismica temprana en la ciudad de Mendoza,Moreiras,Stella Maris,,,,,"INSTITUTO ARGENTINO DE NIVOLOGIA, GLACIOLOGIA Y CIENCIAS AMBIENTALES (IANIGLA) ; (CONICET -PROVINCIA DE MENDOZA - UNCU)",,,,,UBATEC,2019-02-15,2020-02-14,2021-02-14,2022-02-14,En vigencia,En vigencia,En vigencia
2018,06/2018,22320180100096MD,Monitoreo de riesgo volcanico. Desarrollo de un sistema scanning-DOAS para sensado remoto de emisiones de SO2.,Raponi,Marcelo,,,,,INSTITUTO DE INVESTIGACIONES CIENTIFICAS Y TECNICAS PARA LA DEFENSA (CITEDEF) ; MINISTERIO DEDEFENSA,,,1,Inicio Doctorado,UBATEC,2019-02-15,2020-02-14,2021-02-14,2022-02-14,En vigencia,En vigencia,En vigencia
2018,07/2018,22320180100019MD,Plataforma de Informacion de Riesgo Medioambiental,Bali,Juan Lucas,,,,,INSTITUTO DE INVESTIGACIONES CIENTIFICAS Y TECNICAS PARA LA DEFENSA (CITEDEF) ; MINISTERIO DEDEFENSA,,,,,UBATEC,2019-02-15,2020-02-14,2021-02-14,2022-02-14,En vigencia,En vigencia,En vigencia
2018,08/2018,22320180100140MD,Herramientas de simulacion para el Sistema LOGEMER.,Martinez,Gladys,,,,,FUERZA AEREA ARGENTINA ; MINISTERIO DE DEFENSA,,,1,Capacitacion Profesional,UBATEC,2019-02-15,2020-02-14,2021-02-14,2022-02-14,En vigencia,En vigencia,En vigencia
2018,09/2018,22320180100055MD,"Extractor de Video Radar y Tracking,",Galvez,Nelida Beatriz,,,,,ServicioO ANALISIS OPERATIVO ARMAS Y GUERRA ELECTRONICA (SIAG) ; DIRECCION GRAL. DEINVESTIGACION Y DESARROLLO DE LA ARA ; ARMADA ARGENTINA ; MINISTERIO DE DEFENSA,,,1,Maestria,UBATEC,2019-02-15,2020-02-14,2021-02-14,2022-02-14,En vigencia,En vigencia,En vigencia
2018,10/2018,22320180100120MD,Sistema de Tracking de Alta Resolucion mediante Radar y Vision,Murgio,Luis Alberto Santiago,,,,,CENTRO DE ENSAYO EN VUELO (CEV) ; DIRECCION GRAL. DE INVESTIGACION Y DESARROLLO DE LA FAA ;FUERZA AEREA ARGENTINA ; MINISTERIO DE DEFENSA,,,1,Maestria,UBATEC,2019-02-15,2020-02-14,2021-02-14,2022-02-14,En vigencia,En vigencia,En vigencia
2018,11/2018,22320180100013MD,Acondicionamiento de Banco de Ensayos para incorporar la capacidad de evaluar Dispositivos Electro-Explosivos,Ois Lagarde,Carlos Marcelo,,,,,INSTITUTO DE INVESTIGACIONES CIENTIFICAS Y TECNICAS PARA LA DEFENSA (CITEDEF) ; MINISTERIO DEDEFENSA,,,,,UBATEC,2019-02-15,2020-02-14,2021-02-14,2022-02-14,En vigencia,En vigencia,En vigencia
